date,ndt_server,upload_throughput,download_throughput
2015-03-22T14:33:07-0400,ndt.iupui.mlab2.lga04.measurement-lab.org,10.11,33.28
2015-03-22T14:33:40-0400,ndt.iupui.mlab1.lga01.measurement-lab.org,9.11,2.14
2015-03-22T14:34:18-0400,ndt.iupui.mlab1.lga06.measurement-lab.org,10.17,65.65
2015-03-22T14:34:49-0400,ndt.iupui.mlab1.lga05.measurement-lab.org,10.2,71.56
2015-03-22T14:35:20-0400,ndt.iupui.mlab1.lga02.measurement-lab.org,10.0,45.48
2015-03-22T14:39:07-0400,ndt.iupui.mlab1.lga04.measurement-lab.org,10.4,46.94
2015-03-22T14:39:32-0400,ndt.iupui.mlab3.lga02.measurement-lab.org,10.32,40.49
2015-03-22T14:39:59-0400,ndt.iupui.mlab1.lga01.measurement-lab.org,10.34,1.6
2015-03-22T14:40:27-0400,ndt.iupui.mlab2.lga05.measurement-lab.org,10.3,45.37
2015-03-22T14:40:50-0400,ndt.iupui.mlab3.lga06.measurement-lab.org,10.36,65.31
2015-03-22T19:01:23-0400,ndt.iupui.mlab2.lga01.measurement-lab.org,10.5,1.54
2015-03-22T19:01:47-0400,ndt.iupui.mlab1.lga05.measurement-lab.org,10.53,53.65
2015-03-22T19:02:14-0400,ndt.iupui.mlab3.lga04.measurement-lab.org,10.68,28.15
2015-03-22T19:02:38-0400,ndt.iupui.mlab3.lga06.measurement-lab.org,10.57,57.09
2015-03-22T19:03:08-0400,ndt.iupui.mlab1.lga02.measurement-lab.org,10.67,48.88
2015-03-22T22:09:11-0400,ndt.iupui.mlab3.lga01.measurement-lab.org,10.17,1.92
2015-03-22T22:09:37-0400,ndt.iupui.mlab1.lga06.measurement-lab.org,10.43,68.43
2015-03-22T22:10:02-0400,ndt.iupui.mlab3.lga05.measurement-lab.org,10.17,16.48
2015-03-22T22:10:26-0400,ndt.iupui.mlab1.lga02.measurement-lab.org,10.36,25.77
2015-03-22T22:10:51-0400,ndt.iupui.mlab1.lga04.measurement-lab.org,10.55,55.25
2015-03-22T23:19:09-0400,ndt.iupui.mlab3.lga06.measurement-lab.org,10.62,63.36
2015-03-22T23:19:36-0400,ndt.iupui.mlab1.lga04.measurement-lab.org,10.66,44.86
2015-03-22T23:20:08-0400,ndt.iupui.mlab3.lga02.measurement-lab.org,10.63,24.98
2015-03-22T23:20:34-0400,ndt.iupui.mlab2.lga05.measurement-lab.org,10.57,55.84
2015-03-22T23:21:02-0400,ndt.iupui.mlab2.lga01.measurement-lab.org,10.52,1.89
2015-03-22T23:25:03-0400,ndt.iupui.mlab1.lga04.measurement-lab.org,10.52,48.11
2015-03-22T23:25:29-0400,ndt.iupui.mlab1.lga06.measurement-lab.org,10.39,53.74
2015-03-22T23:25:53-0400,ndt.iupui.mlab2.lga01.measurement-lab.org,10.38,1.67
2015-03-22T23:26:18-0400,ndt.iupui.mlab1.lga05.measurement-lab.org,10.51,69.21
2015-03-22T23:26:44-0400,ndt.iupui.mlab3.lga02.measurement-lab.org,10.28,67.27
2015-03-23T17:27:11-0400,ndt.iupui.mlab2.lga06.measurement-lab.org,10.03,54.61
2015-03-23T17:27:35-0400,ndt.iupui.mlab2.lga05.measurement-lab.org,9.77,49.34
2015-03-23T17:27:59-0400,ndt.iupui.mlab1.lga02.measurement-lab.org,10.15,61.26
2015-03-23T17:28:22-0400,ndt.iupui.mlab3.lga04.measurement-lab.org,9.24,60.45
2015-03-23T17:28:46-0400,ndt.iupui.mlab1.lga01.measurement-lab.org,7.48,1.94
2015-03-24T00:29:12-0400,ndt.iupui.mlab3.lga05.measurement-lab.org,10.59,55.46
2015-03-24T00:35:18-0400,ndt.iupui.mlab2.lga02.measurement-lab.org,10.55,54.97
2015-03-24T00:35:44-0400,ndt.iupui.mlab1.lga01.measurement-lab.org,10.52,4.94
2015-03-24T00:36:07-0400,ndt.iupui.mlab3.lga06.measurement-lab.org,10.59,53.67
2015-03-24T00:36:31-0400,ndt.iupui.mlab2.lga04.measurement-lab.org,10.65,61.41
2015-03-24T21:36:59-0400,ndt.iupui.mlab2.lga06.measurement-lab.org,10.64,59.24
2015-03-24T21:37:24-0400,ndt.iupui.mlab3.lga04.measurement-lab.org,9.48,62.59
2015-03-24T21:37:48-0400,ndt.iupui.mlab2.lga05.measurement-lab.org,10.57,47.75
2015-03-24T21:38:13-0400,ndt.iupui.mlab3.lga02.measurement-lab.org,10.58,45.4
2015-03-24T21:38:37-0400,ndt.iupui.mlab1.lga01.measurement-lab.org,10.34,1.93
2015-03-25T07:58:23-0400,ndt.iupui.mlab3.lga05.measurement-lab.org,9.75,55.92
2015-03-25T07:58:46-0400,ndt.iupui.mlab1.lga06.measurement-lab.org,10.26,63.95
2015-03-25T07:59:12-0400,ndt.iupui.mlab3.lga01.measurement-lab.org,9.85,6.72
2015-03-25T07:59:35-0400,ndt.iupui.mlab3.lga04.measurement-lab.org,9.82,59.56
2015-03-25T08:00:04-0400,ndt.iupui.mlab3.lga02.measurement-lab.org,9.65,25.41
2015-03-27T12:08:57-0400,ndt.iupui.mlab3.lga04.measurement-lab.org,9.58,60.89
2015-03-27T12:09:21-0400,ndt.iupui.mlab2.lga02.measurement-lab.org,10.34,32.17
2015-03-27T12:09:44-0400,ndt.iupui.mlab3.lga06.measurement-lab.org,10.29,46.73
2015-03-27T12:10:08-0400,ndt.iupui.mlab3.lga05.measurement-lab.org,9.97,52.82
2015-03-27T12:10:32-0400,ndt.iupui.mlab2.lga01.measurement-lab.org,8.26,19.83
2015-03-27T19:42:13-0400,ndt.iupui.mlab2.lga02.measurement-lab.org,10.54,89.87
2015-03-27T19:42:37-0400,ndt.iupui.mlab2.lga05.measurement-lab.org,10.58,40.65
2015-03-27T19:43:01-0400,ndt.iupui.mlab3.lga04.measurement-lab.org,10.12,57.83
2015-03-27T19:43:25-0400,ndt.iupui.mlab1.lga06.measurement-lab.org,9.84,53.42
2015-03-27T19:43:49-0400,ndt.iupui.mlab1.lga01.measurement-lab.org,10.57,18.98
2015-03-28T08:44:14-0400,ndt.iupui.mlab2.lga05.measurement-lab.org,10.62,45.57
2015-03-28T08:44:37-0400,ndt.iupui.mlab3.lga04.measurement-lab.org,10.63,59.42
2015-03-28T08:45:04-0400,ndt.iupui.mlab1.lga02.measurement-lab.org,10.46,64.44
2015-03-28T08:45:28-0400,ndt.iupui.mlab2.lga01.measurement-lab.org,10.39,31.41
2015-03-28T08:45:52-0400,ndt.iupui.mlab1.lga06.measurement-lab.org,10.4,58.27
2015-03-28T21:46:17-0400,ndt.iupui.mlab2.lga05.measurement-lab.org,10.68,39.06
2015-03-28T21:46:41-0400,ndt.iupui.mlab2.lga06.measurement-lab.org,10.69,58.89
2015-03-28T21:47:05-0400,ndt.iupui.mlab1.lga02.measurement-lab.org,10.68,41.71
2015-03-28T21:47:28-0400,ndt.iupui.mlab3.lga04.measurement-lab.org,10.7,61.53
2015-03-28T21:47:53-0400,ndt.iupui.mlab3.lga01.measurement-lab.org,10.69,21.79
2015-03-29T00:26:04-0400,ndt.iupui.mlab3.lga01.measurement-lab.org,10.7,21.32
2015-03-29T00:26:28-0400,ndt.iupui.mlab2.lga02.measurement-lab.org,10.71,92.25
2015-03-29T00:26:51-0400,ndt.iupui.mlab3.lga06.measurement-lab.org,10.7,54.03
2015-03-29T00:27:15-0400,ndt.iupui.mlab1.lga05.measurement-lab.org,10.7,57.7
2015-03-29T00:27:38-0400,ndt.iupui.mlab1.lga04.measurement-lab.org,10.72,75.17
2015-03-29T00:50:28-0400,ndt.iupui.mlab3.lga04.measurement-lab.org,10.69,59.33
2015-03-29T00:50:53-0400,ndt.iupui.mlab3.lga06.measurement-lab.org,10.71,45.95
2015-03-29T00:51:17-0400,ndt.iupui.mlab1.lga05.measurement-lab.org,10.71,46.58
2015-03-29T00:51:40-0400,ndt.iupui.mlab3.lga02.measurement-lab.org,10.68,47.48
2015-03-29T00:52:04-0400,ndt.iupui.mlab1.lga01.measurement-lab.org,10.6,24.34
2015-03-29T10:52:32-0400,ndt.iupui.mlab2.lga02.measurement-lab.org,10.46,92.28
2015-03-29T10:52:58-0400,ndt.iupui.mlab3.lga01.measurement-lab.org,10.55,16.31
2015-03-29T10:53:21-0400,ndt.iupui.mlab3.lga04.measurement-lab.org,10.54,60.84
2015-03-29T10:53:44-0400,ndt.iupui.mlab2.lga05.measurement-lab.org,10.18,68.01
2015-03-29T10:54:08-0400,ndt.iupui.mlab1.lga06.measurement-lab.org,10.18,47.88
2015-03-29T19:54:35-0400,ndt.iupui.mlab1.lga06.measurement-lab.org,10.6,65.11
2015-03-29T19:54:59-0400,ndt.iupui.mlab2.lga05.measurement-lab.org,10.38,14.69
2015-03-29T19:55:23-0400,ndt.iupui.mlab1.lga02.measurement-lab.org,10.33,31.74
2015-03-29T19:55:47-0400,ndt.iupui.mlab2.lga04.measurement-lab.org,10.1,42.27
2015-03-29T19:56:11-0400,ndt.iupui.mlab1.lga01.measurement-lab.org,10.37,14.0
2015-03-30T05:56:39-0400,ndt.iupui.mlab2.lga04.measurement-lab.org,10.7,59.57
2015-03-30T05:57:03-0400,ndt.iupui.mlab3.lga01.measurement-lab.org,1.72,60.0
2015-03-30T05:57:26-0400,ndt.iupui.mlab3.lga06.measurement-lab.org,10.05,70.84
2015-03-30T05:57:50-0400,ndt.iupui.mlab1.lga05.measurement-lab.org,10.39,54.92
2015-03-30T05:58:14-0400,ndt.iupui.mlab1.lga02.measurement-lab.org,10.37,41.65
2015-03-30T12:58:41-0400,ndt.iupui.mlab1.lga04.measurement-lab.org,10.58,57.17
2015-03-30T12:59:05-0400,ndt.iupui.mlab3.lga06.measurement-lab.org,10.64,57.68
2015-03-30T12:59:29-0400,ndt.iupui.mlab2.lga05.measurement-lab.org,10.63,39.64
2015-03-30T12:59:53-0400,ndt.iupui.mlab2.lga01.measurement-lab.org,10.57,45.56
2015-03-30T13:03:35-0400,ndt.iupui.mlab1.lga02.measurement-lab.org,9.74,48.21
2015-03-30T22:04:07-0400,ndt.iupui.mlab1.lga06.measurement-lab.org,10.7,60.24
2015-03-30T22:04:31-0400,ndt.iupui.mlab2.lga05.measurement-lab.org,10.62,42.16
2015-03-30T22:04:57-0400,ndt.iupui.mlab3.lga02.measurement-lab.org,10.64,46.44
2015-03-30T22:05:21-0400,ndt.iupui.mlab2.lga04.measurement-lab.org,10.69,50.17
2015-03-30T22:05:45-0400,ndt.iupui.mlab3.lga01.measurement-lab.org,1.98,9.8
2015-03-31T04:06:12-0400,ndt.iupui.mlab2.lga06.measurement-lab.org,10.7,58.98
2015-03-31T04:06:36-0400,ndt.iupui.mlab3.lga05.measurement-lab.org,10.75,42.17
2015-03-31T04:06:59-0400,ndt.iupui.mlab1.lga04.measurement-lab.org,10.69,55.52
2015-03-31T04:07:24-0400,ndt.iupui.mlab2.lga01.measurement-lab.org,10.65,41.3
2015-03-31T04:07:49-0400,ndt.iupui.mlab1.lga02.measurement-lab.org,10.65,37.35
2015-03-31T12:08:16-0400,ndt.iupui.mlab3.lga06.measurement-lab.org,9.37,59.13
2015-03-31T12:08:39-0400,ndt.iupui.mlab2.lga05.measurement-lab.org,9.92,54.24
2015-03-31T12:09:05-0400,ndt.iupui.mlab3.lga04.measurement-lab.org,10.07,58.03
2015-03-31T12:09:29-0400,ndt.iupui.mlab3.lga02.measurement-lab.org,9.67,36.91
2015-03-31T12:09:52-0400,ndt.iupui.mlab1.lga01.measurement-lab.org,10.11,32.27
2015-03-31T21:10:20-0400,ndt.iupui.mlab3.lga01.measurement-lab.org,1.88,55.44
2015-03-31T21:10:45-0400,ndt.iupui.mlab2.lga05.measurement-lab.org,10.25,25.23
2015-03-31T21:11:08-0400,ndt.iupui.mlab1.lga02.measurement-lab.org,9.04,51.7
2015-03-31T21:11:32-0400,ndt.iupui.mlab3.lga04.measurement-lab.org,10.51,55.73
2015-03-31T21:11:55-0400,ndt.iupui.mlab1.lga06.measurement-lab.org,10.35,54.34
2015-04-01T05:12:23-0400,ndt.iupui.mlab2.lga06.measurement-lab.org,10.18,55.29
2015-04-01T05:12:46-0400,ndt.iupui.mlab2.lga05.measurement-lab.org,10.68,58.85
2015-04-01T05:13:10-0400,ndt.iupui.mlab3.lga02.measurement-lab.org,10.19,32.78
2015-04-02T20:05:17-0400,ndt.iupui.mlab3.lga05.measurement-lab.org,10.23,45.91
2015-04-02T20:05:41-0400,ndt.iupui.mlab3.lga02.measurement-lab.org,10.27,24.82
2015-04-02T20:06:05-0400,ndt.iupui.mlab1.lga06.measurement-lab.org,10.2,63.18
2015-04-02T20:06:30-0400,ndt.iupui.mlab1.lga01.measurement-lab.org,8.98,17.41
2015-04-02T20:06:53-0400,ndt.iupui.mlab1.lga04.measurement-lab.org,10.02,64.46
2015-04-02T20:39:19-0400,ndt.iupui.mlab2.lga02.measurement-lab.org,10.67,35.49
2015-04-02T20:39:43-0400,ndt.iupui.mlab3.lga05.measurement-lab.org,10.52,14.89
2015-04-02T20:40:06-0400,ndt.iupui.mlab3.lga06.measurement-lab.org,10.63,38.45
2015-04-02T20:40:31-0400,ndt.iupui.mlab1.lga01.measurement-lab.org,10.56,59.75
2015-04-02T20:40:55-0400,ndt.iupui.mlab2.lga04.measurement-lab.org,10.68,59.51
2015-04-02T20:42:46-0400,ndt.iupui.mlab2.lga04.measurement-lab.org,10.68,46.93
2015-04-02T20:43:09-0400,ndt.iupui.mlab2.lga06.measurement-lab.org,10.41,45.37
2015-04-02T20:43:34-0400,ndt.iupui.mlab3.lga01.measurement-lab.org,10.61,30.69
2015-04-02T20:43:57-0400,ndt.iupui.mlab2.lga02.measurement-lab.org,10.66,22.01
2015-04-02T20:44:21-0400,ndt.iupui.mlab3.lga05.measurement-lab.org,10.62,39.08
2015-04-03T04:44:47-0400,ndt.iupui.mlab1.lga04.measurement-lab.org,7.34,23.89
2015-04-03T04:45:11-0400,ndt.iupui.mlab3.lga01.measurement-lab.org,8.29,31.47
2015-04-03T04:45:36-0400,ndt.iupui.mlab1.lga02.measurement-lab.org,8.65,67.68
2015-04-03T04:46:00-0400,ndt.iupui.mlab2.lga05.measurement-lab.org,8.43,44.46
2015-04-03T04:46:23-0400,ndt.iupui.mlab2.lga06.measurement-lab.org,10.11,51.37
2015-04-03T11:46:50-0400,ndt.iupui.mlab1.lga05.measurement-lab.org,10.1,54.55
2015-04-03T11:47:14-0400,ndt.iupui.mlab1.lga01.measurement-lab.org,9.81,56.02
2015-04-03T11:47:39-0400,ndt.iupui.mlab3.lga04.measurement-lab.org,9.44,22.93
2015-04-03T11:48:03-0400,ndt.iupui.mlab3.lga06.measurement-lab.org,9.91,61.58
2015-04-03T11:48:27-0400,ndt.iupui.mlab3.lga02.measurement-lab.org,9.5,30.27
2015-04-03T19:48:57-0400,ndt.iupui.mlab2.lga02.measurement-lab.org,10.22,76.87
2015-04-03T19:49:21-0400,ndt.iupui.mlab2.lga05.measurement-lab.org,10.25,43.14
2015-04-03T19:49:45-0400,ndt.iupui.mlab3.lga04.measurement-lab.org,10.12,27.72
2015-04-03T19:50:09-0400,ndt.iupui.mlab2.lga01.measurement-lab.org,10.16,75.55
2015-04-03T19:50:35-0400,ndt.iupui.mlab3.lga06.measurement-lab.org,10.21,45.8
2015-04-04T02:51:03-0400,ndt.iupui.mlab3.lga01.measurement-lab.org,10.59,31.76
2015-04-04T02:51:27-0400,ndt.iupui.mlab2.lga05.measurement-lab.org,10.66,59.7
2015-04-04T02:51:51-0400,ndt.iupui.mlab2.lga02.measurement-lab.org,10.67,59.66
2015-04-04T02:52:15-0400,ndt.iupui.mlab3.lga04.measurement-lab.org,10.54,15.86
2015-04-04T02:52:39-0400,ndt.iupui.mlab2.lga06.measurement-lab.org,10.7,57.73
2015-04-04T09:53:06-0400,ndt.iupui.mlab2.lga06.measurement-lab.org,9.68,40.92
2015-04-04T09:53:30-0400,ndt.iupui.mlab1.lga04.measurement-lab.org,10.17,33.05
2015-04-04T09:53:54-0400,ndt.iupui.mlab3.lga02.measurement-lab.org,10.16,40.2
2015-04-04T09:54:19-0400,ndt.iupui.mlab3.lga01.measurement-lab.org,9.9,19.42
2015-04-04T09:54:42-0400,ndt.iupui.mlab3.lga05.measurement-lab.org,10.04,50.5
2015-04-04T15:55:35-0400,ndt.iupui.mlab2.lga05.measurement-lab.org,9.58,58.42
2015-04-04T15:55:59-0400,ndt.iupui.mlab3.lga04.measurement-lab.org,8.46,24.56
2015-04-04T15:56:24-0400,ndt.iupui.mlab1.lga01.measurement-lab.org,10.09,31.74
2015-04-04T15:56:47-0400,ndt.iupui.mlab1.lga02.measurement-lab.org,9.76,49.86
2015-04-04T15:57:10-0400,ndt.iupui.mlab3.lga06.measurement-lab.org,9.36,56.14
2015-04-04T21:57:40-0400,ndt.iupui.mlab2.lga01.measurement-lab.org,10.52,71.42
2015-04-04T21:58:03-0400,ndt.iupui.mlab1.lga06.measurement-lab.org,10.6,60.16
2015-04-04T21:58:29-0400,ndt.iupui.mlab2.lga04.measurement-lab.org,10.38,57.45
2015-04-04T21:58:54-0400,ndt.iupui.mlab1.lga05.measurement-lab.org,10.6,44.07
2015-04-04T21:59:18-0400,ndt.iupui.mlab2.lga02.measurement-lab.org,10.59,91.32
2015-04-05T05:59:47-0400,ndt.iupui.mlab1.lga02.measurement-lab.org,10.66,44.74
2015-04-05T06:00:13-0400,ndt.iupui.mlab3.lga01.measurement-lab.org,10.57,37.49
2015-04-05T06:00:36-0400,ndt.iupui.mlab1.lga06.measurement-lab.org,10.66,44.34
2015-04-05T06:01:00-0400,ndt.iupui.mlab2.lga05.measurement-lab.org,10.54,69.46
2015-04-05T06:01:24-0400,ndt.iupui.mlab2.lga04.measurement-lab.org,8.89,18.79
2015-04-05T16:01:52-0400,ndt.iupui.mlab1.lga05.measurement-lab.org,9.49,65.25
2015-04-05T16:02:16-0400,ndt.iupui.mlab2.lga04.measurement-lab.org,9.89,26.4
2015-04-05T16:02:39-0400,ndt.iupui.mlab1.lga06.measurement-lab.org,9.58,65.3
2015-04-05T16:03:03-0400,ndt.iupui.mlab3.lga02.measurement-lab.org,10.35,55.73
2015-04-05T16:03:27-0400,ndt.iupui.mlab2.lga01.measurement-lab.org,9.88,76.38
2015-04-05T22:03:58-0400,ndt.iupui.mlab1.lga02.measurement-lab.org,10.6,36.76
2015-04-05T22:04:23-0400,ndt.iupui.mlab3.lga04.measurement-lab.org,10.25,13.71
2015-04-05T22:04:47-0400,ndt.iupui.mlab2.lga01.measurement-lab.org,8.85,26.38
2015-04-05T22:05:11-0400,ndt.iupui.mlab3.lga05.measurement-lab.org,10.44,39.48
2015-04-05T22:05:35-0400,ndt.iupui.mlab3.lga06.measurement-lab.org,10.33,48.26
2015-04-06T04:06:02-0400,ndt.iupui.mlab2.lga06.measurement-lab.org,10.71,65.83
2015-04-06T04:06:26-0400,ndt.iupui.mlab1.lga04.measurement-lab.org,10.53,21.87
2015-04-06T04:06:49-0400,ndt.iupui.mlab1.lga05.measurement-lab.org,10.71,57.35
2015-04-06T04:07:13-0400,ndt.iupui.mlab3.lga01.measurement-lab.org,10.6,24.76
2015-04-06T04:07:40-0400,ndt.iupui.mlab2.lga02.measurement-lab.org,10.68,47.02
2015-04-06T12:08:07-0400,ndt.iupui.mlab2.lga04.measurement-lab.org,9.77,15.4
2015-04-06T12:08:30-0400,ndt.iupui.mlab3.lga06.measurement-lab.org,10.64,50.7
2015-04-06T12:08:54-0400,ndt.iupui.mlab2.lga05.measurement-lab.org,10.67,37.84
2015-04-06T12:09:18-0400,ndt.iupui.mlab3.lga01.measurement-lab.org,10.61,12.51
2015-04-06T12:09:41-0400,ndt.iupui.mlab3.lga02.measurement-lab.org,10.64,51.53
2015-04-06T22:10:09-0400,ndt.iupui.mlab2.lga02.measurement-lab.org,9.97,43.4
2015-04-06T22:10:33-0400,ndt.iupui.mlab1.lga04.measurement-lab.org,8.61,14.56
2015-04-06T22:10:59-0400,ndt.iupui.mlab3.lga01.measurement-lab.org,8.37,13.9
2015-04-06T22:11:23-0400,ndt.iupui.mlab3.lga06.measurement-lab.org,10.69,47.65
2015-04-06T22:11:49-0400,ndt.iupui.mlab1.lga05.measurement-lab.org,10.57,11.32
2015-04-07T05:12:14-0400,ndt.iupui.mlab1.lga05.measurement-lab.org,10.69,54.7
2015-04-07T05:12:40-0400,ndt.iupui.mlab3.lga04.measurement-lab.org,10.53,17.9
2015-04-07T05:13:04-0400,ndt.iupui.mlab1.lga02.measurement-lab.org,10.69,41.81
2015-04-07T05:13:30-0400,ndt.iupui.mlab1.lga01.measurement-lab.org,10.62,53.64
2015-04-07T05:13:54-0400,ndt.iupui.mlab2.lga06.measurement-lab.org,10.68,46.29
2015-04-07T12:14:20-0400,ndt.iupui.mlab3.lga06.measurement-lab.org,10.67,44.32
2015-04-07T12:14:44-0400,ndt.iupui.mlab1.lga05.measurement-lab.org,10.66,49.7
2015-04-07T12:15:11-0400,ndt.iupui.mlab1.lga01.measurement-lab.org,10.59,19.93
2015-04-07T12:15:35-0400,ndt.iupui.mlab3.lga04.measurement-lab.org,10.48,30.44
2015-04-07T12:15:59-0400,ndt.iupui.mlab2.lga02.measurement-lab.org,10.66,91.98
2015-04-10T20:07:57-0400,ndt.iupui.mlab1.lga02.measurement-lab.org,10.64,68.07
2015-04-10T20:08:22-0400,ndt.iupui.mlab3.lga04.measurement-lab.org,10.02,15.26
2015-04-10T20:08:47-0400,ndt.iupui.mlab2.lga01.measurement-lab.org,10.52,14.67
2015-04-10T20:09:10-0400,ndt.iupui.mlab2.lga06.measurement-lab.org,9.89,42.45
2015-04-10T20:09:34-0400,ndt.iupui.mlab2.lga05.measurement-lab.org,10.57,39.29
2015-04-11T02:10:01-0400,ndt.iupui.mlab2.lga02.measurement-lab.org,10.63,90.01
2015-04-11T02:10:25-0400,ndt.iupui.mlab1.lga05.measurement-lab.org,10.64,64.29
2015-04-11T02:10:49-0400,ndt.iupui.mlab1.lga04.measurement-lab.org,10.57,28.81
2015-04-11T02:11:14-0400,ndt.iupui.mlab3.lga01.measurement-lab.org,10.54,28.59
2015-04-11T02:11:37-0400,ndt.iupui.mlab1.lga06.measurement-lab.org,10.66,74.67
2015-04-11T09:12:04-0400,ndt.iupui.mlab2.lga02.measurement-lab.org,10.57,52.7
2015-04-11T09:12:28-0400,ndt.iupui.mlab2.lga04.measurement-lab.org,10.53,30.7
2015-04-11T09:12:55-0400,ndt.iupui.mlab1.lga01.measurement-lab.org,10.55,25.29
2015-04-11T09:13:18-0400,ndt.iupui.mlab2.lga06.measurement-lab.org,10.63,62.22
2015-04-11T09:13:42-0400,ndt.iupui.mlab3.lga05.measurement-lab.org,10.61,68.35
2015-04-11T15:14:09-0400,ndt.iupui.mlab1.lga04.measurement-lab.org,10.48,14.2
2015-04-11T15:14:33-0400,ndt.iupui.mlab1.lga06.measurement-lab.org,9.2,65.67
2015-04-11T15:14:56-0400,ndt.iupui.mlab2.lga05.measurement-lab.org,9.77,53.28
2015-04-11T15:15:22-0400,ndt.iupui.mlab1.lga02.measurement-lab.org,10.57,68.61
2015-04-11T15:15:46-0400,ndt.iupui.mlab1.lga01.measurement-lab.org,7.6,35.92
2015-04-11T21:16:14-0400,ndt.iupui.mlab2.lga01.measurement-lab.org,10.61,57.13
2015-04-11T21:16:38-0400,ndt.iupui.mlab2.lga05.measurement-lab.org,10.68,70.76
2015-04-11T21:17:02-0400,ndt.iupui.mlab3.lga04.measurement-lab.org,3.83,54.39
2015-04-11T21:17:25-0400,ndt.iupui.mlab3.lga06.measurement-lab.org,10.69,65.17
2015-04-11T21:17:49-0400,ndt.iupui.mlab3.lga02.measurement-lab.org,10.57,47.48
2015-04-12T03:18:16-0400,ndt.iupui.mlab1.lga01.measurement-lab.org,10.59,28.38
2015-04-12T03:18:39-0400,ndt.iupui.mlab2.lga06.measurement-lab.org,10.64,57.86
2015-04-12T03:19:03-0400,ndt.iupui.mlab1.lga05.measurement-lab.org,10.64,58.92
2015-04-12T03:19:26-0400,ndt.iupui.mlab3.lga02.measurement-lab.org,10.61,26.23
2015-04-12T03:19:50-0400,ndt.iupui.mlab2.lga04.measurement-lab.org,10.56,33.78
2015-04-12T13:20:18-0400,ndt.iupui.mlab3.lga06.measurement-lab.org,10.51,56.17
2015-04-12T13:20:42-0400,ndt.iupui.mlab1.lga02.measurement-lab.org,10.48,49.27
2015-04-12T13:21:06-0400,ndt.iupui.mlab3.lga04.measurement-lab.org,7.8,48.36
2015-04-12T13:21:30-0400,ndt.iupui.mlab1.lga01.measurement-lab.org,10.34,32.13
2015-04-12T13:21:54-0400,ndt.iupui.mlab3.lga05.measurement-lab.org,10.47,59.09
2015-04-12T22:22:19-0400,ndt.iupui.mlab3.lga02.measurement-lab.org,10.54,41.46
2015-04-12T22:22:44-0400,ndt.iupui.mlab3.lga01.measurement-lab.org,9.76,1.38
2015-04-12T22:23:07-0400,ndt.iupui.mlab3.lga06.measurement-lab.org,10.55,69.18
2015-04-12T22:23:32-0400,ndt.iupui.mlab2.lga04.measurement-lab.org,2.97,16.87
2015-04-12T22:23:55-0400,ndt.iupui.mlab1.lga05.measurement-lab.org,10.48,52.97
2015-04-13T07:24:21-0400,ndt.iupui.mlab1.lga06.measurement-lab.org,10.69,56.39
2015-04-13T07:24:45-0400,ndt.iupui.mlab2.lga02.measurement-lab.org,10.6,92.39
2015-04-13T07:25:09-0400,ndt.iupui.mlab1.lga01.measurement-lab.org,10.61,45.86
2015-04-13T07:25:33-0400,ndt.iupui.mlab2.lga04.measurement-lab.org,10.52,25.56
2015-04-13T07:25:57-0400,ndt.iupui.mlab1.lga05.measurement-lab.org,10.66,58.88
2015-04-13T15:26:26-0400,ndt.iupui.mlab1.lga04.measurement-lab.org,9.73,15.07
2015-04-13T15:26:50-0400,ndt.iupui.mlab1.lga02.measurement-lab.org,10.45,44.26
2015-04-13T15:27:16-0400,ndt.iupui.mlab2.lga01.measurement-lab.org,9.76,28.29
2015-04-13T15:27:39-0400,ndt.iupui.mlab1.lga05.measurement-lab.org,10.63,58.97
2015-04-13T15:28:05-0400,ndt.iupui.mlab3.lga06.measurement-lab.org,10.64,62.58
2015-04-13T22:28:34-0400,ndt.iupui.mlab2.lga01.measurement-lab.org,10.37,18.47
2015-04-13T22:28:58-0400,ndt.iupui.mlab1.lga05.measurement-lab.org,10.62,60.02
2015-04-13T22:29:22-0400,ndt.iupui.mlab3.lga02.measurement-lab.org,10.56,33.18
2015-04-13T22:29:48-0400,ndt.iupui.mlab3.lga06.measurement-lab.org,10.46,55.01
2015-04-13T22:30:12-0400,ndt.iupui.mlab1.lga04.measurement-lab.org,10.31,15.71
2015-04-14T04:30:40-0400,ndt.iupui.mlab1.lga01.measurement-lab.org,10.29,17.07
2015-04-14T04:31:04-0400,ndt.iupui.mlab1.lga05.measurement-lab.org,10.12,47.15
2015-04-14T04:31:27-0400,ndt.iupui.mlab1.lga06.measurement-lab.org,7.08,58.36
2015-04-14T04:31:51-0400,ndt.iupui.mlab1.lga04.measurement-lab.org,10.21,25.74
2015-04-14T04:32:15-0400,ndt.iupui.mlab1.lga02.measurement-lab.org,9.03,46.57
2015-04-14T14:32:40-0400,ndt.iupui.mlab3.lga06.measurement-lab.org,10.18,62.32
2015-04-14T14:33:04-0400,ndt.iupui.mlab3.lga05.measurement-lab.org,9.37,41.23
2015-04-14T14:33:28-0400,ndt.iupui.mlab3.lga04.measurement-lab.org,5.84,26.44
2015-04-14T14:33:52-0400,ndt.iupui.mlab2.lga02.measurement-lab.org,10.65,87.68
2015-04-14T14:34:16-0400,ndt.iupui.mlab1.lga01.measurement-lab.org,10.12,19.11
2015-04-15T00:34:46-0400,ndt.iupui.mlab3.lga02.measurement-lab.org,10.64,47.46
2015-04-15T00:35:11-0400,ndt.iupui.mlab1.lga01.measurement-lab.org,10.45,19.76
2015-04-15T00:35:40-0400,ndt.iupui.mlab3.lga04.measurement-lab.org,3.83,6.16
2015-04-15T00:36:03-0400,ndt.iupui.mlab3.lga06.measurement-lab.org,10.49,42.44
2015-04-15T00:36:27-0400,ndt.iupui.mlab1.lga05.measurement-lab.org,10.66,32.73
2015-04-15T06:36:55-0400,ndt.iupui.mlab3.lga05.measurement-lab.org,10.65,50.77
2015-04-15T06:37:19-0400,ndt.iupui.mlab1.lga04.measurement-lab.org,10.58,34.26
2015-04-15T06:37:43-0400,ndt.iupui.mlab2.lga02.measurement-lab.org,10.66,91.69
2015-04-15T06:38:07-0400,ndt.iupui.mlab2.lga06.measurement-lab.org,10.64,62.83
2015-04-15T06:38:34-0400,ndt.iupui.mlab1.lga01.measurement-lab.org,10.59,35.19
2015-04-15T15:39:07-0400,ndt.iupui.mlab2.lga01.measurement-lab.org,10.6,24.17
2015-04-15T15:39:33-0400,ndt.iupui.mlab3.lga04.measurement-lab.org,5.4,5.88
2015-04-15T15:39:57-0400,ndt.iupui.mlab2.lga05.measurement-lab.org,10.65,48.32
2015-04-15T15:40:20-0400,ndt.iupui.mlab2.lga06.measurement-lab.org,10.64,65.66
2015-04-15T15:40:44-0400,ndt.iupui.mlab1.lga02.measurement-lab.org,10.6,59.08
2015-04-15T22:41:10-0400,ndt.iupui.mlab1.lga06.measurement-lab.org,10.7,55.16
2015-04-15T22:41:34-0400,ndt.iupui.mlab3.lga02.measurement-lab.org,10.67,46.45
2015-04-15T22:41:57-0400,ndt.iupui.mlab3.lga01.measurement-lab.org,10.6,32.48
2015-04-15T22:42:52-0400,ndt.iupui.mlab1.lga05.measurement-lab.org,10.66,46.83
2015-04-16T08:43:19-0400,ndt.iupui.mlab2.lga01.measurement-lab.org,10.0,30.09
2015-04-16T08:43:46-0400,ndt.iupui.mlab3.lga02.measurement-lab.org,9.79,39.06
2015-04-16T08:44:11-0400,ndt.iupui.mlab2.lga04.measurement-lab.org,9.9,16.81
2015-04-16T08:44:34-0400,ndt.iupui.mlab3.lga06.measurement-lab.org,9.78,63.7
2015-04-16T08:44:58-0400,ndt.iupui.mlab2.lga05.measurement-lab.org,10.11,36.93
2015-04-16T15:45:27-0400,ndt.iupui.mlab3.lga01.measurement-lab.org,10.55,31.14
2015-04-16T15:45:51-0400,ndt.iupui.mlab2.lga06.measurement-lab.org,10.67,59.14
2015-04-16T15:46:16-0400,ndt.iupui.mlab3.lga04.measurement-lab.org,1.04,21.98
2015-04-16T15:46:39-0400,ndt.iupui.mlab3.lga05.measurement-lab.org,10.62,34.67
2015-04-16T15:47:04-0400,ndt.iupui.mlab2.lga02.measurement-lab.org,10.63,87.73
2015-04-16T22:47:32-0400,ndt.iupui.mlab3.lga01.measurement-lab.org,10.53,30.0
2015-04-16T22:47:56-0400,ndt.iupui.mlab1.lga02.measurement-lab.org,10.64,23.01
2015-04-16T22:48:22-0400,ndt.iupui.mlab1.lga04.measurement-lab.org,10.58,9.14
2015-04-16T22:48:45-0400,ndt.iupui.mlab3.lga06.measurement-lab.org,10.63,61.33
2015-04-16T22:49:09-0400,ndt.iupui.mlab3.lga05.measurement-lab.org,10.7,66.69
2015-04-17T06:49:38-0400,ndt.iupui.mlab2.lga06.measurement-lab.org,9.58,59.08
2015-04-17T06:50:02-0400,ndt.iupui.mlab2.lga04.measurement-lab.org,4.63,26.65
2015-04-17T06:50:30-0400,ndt.iupui.mlab2.lga05.measurement-lab.org,9.81,50.37
2015-04-17T06:50:56-0400,ndt.iupui.mlab2.lga02.measurement-lab.org,8.49,91.04
2015-04-17T06:51:23-0400,ndt.iupui.mlab2.lga01.measurement-lab.org,10.43,32.5
2015-04-17T15:51:50-0400,ndt.iupui.mlab1.lga01.measurement-lab.org,9.54,17.41
2015-04-17T15:52:14-0400,ndt.iupui.mlab3.lga04.measurement-lab.org,9.14,10.96
2015-04-17T15:52:37-0400,ndt.iupui.mlab3.lga06.measurement-lab.org,10.28,38.21
2015-04-17T15:53:01-0400,ndt.iupui.mlab2.lga02.measurement-lab.org,10.35,58.86
2015-04-17T15:53:25-0400,ndt.iupui.mlab1.lga05.measurement-lab.org,10.04,47.63
2015-04-18T00:53:59-0400,ndt.iupui.mlab1.lga04.measurement-lab.org,4.42,9.25
2015-04-18T00:54:24-0400,ndt.iupui.mlab3.lga01.measurement-lab.org,10.58,41.67
2015-04-18T00:54:51-0400,ndt.iupui.mlab2.lga06.measurement-lab.org,10.71,60.42
2015-04-18T00:55:15-0400,ndt.iupui.mlab3.lga02.measurement-lab.org,10.69,63.13
2015-04-18T00:55:39-0400,ndt.iupui.mlab2.lga05.measurement-lab.org,10.68,58.15
2015-04-18T09:56:07-0400,ndt.iupui.mlab3.lga06.measurement-lab.org,10.67,65.52
2015-04-18T09:56:30-0400,ndt.iupui.mlab1.lga05.measurement-lab.org,10.67,59.85
2015-04-18T09:56:57-0400,ndt.iupui.mlab3.lga01.measurement-lab.org,10.63,65.01
2015-04-18T09:57:21-0400,ndt.iupui.mlab2.lga04.measurement-lab.org,10.55,22.98
2015-04-18T09:57:46-0400,ndt.iupui.mlab2.lga02.measurement-lab.org,10.69,85.5
2015-04-18T15:58:14-0400,ndt.iupui.mlab2.lga04.measurement-lab.org,9.09,9.88
2015-04-18T15:58:39-0400,ndt.iupui.mlab1.lga01.measurement-lab.org,9.12,19.72
2015-04-18T15:59:02-0400,ndt.iupui.mlab2.lga02.measurement-lab.org,10.66,76.5
2015-04-18T15:59:28-0400,ndt.iupui.mlab3.lga05.measurement-lab.org,10.59,45.03
2015-04-18T15:59:52-0400,ndt.iupui.mlab1.lga06.measurement-lab.org,6.98,51.29
2015-04-19T02:00:21-0400,ndt.iupui.mlab1.lga04.measurement-lab.org,6.41,21.68
2015-04-19T02:00:46-0400,ndt.iupui.mlab1.lga01.measurement-lab.org,10.57,18.41
2015-04-19T02:01:10-0400,ndt.iupui.mlab2.lga02.measurement-lab.org,10.67,79.7
2015-04-19T02:01:33-0400,ndt.iupui.mlab3.lga05.measurement-lab.org,10.69,59.37
2015-04-19T02:01:57-0400,ndt.iupui.mlab2.lga06.measurement-lab.org,10.69,68.71
2015-04-19T12:02:24-0400,ndt.iupui.mlab1.lga02.measurement-lab.org,10.21,38.33
2015-04-19T12:02:47-0400,ndt.iupui.mlab1.lga05.measurement-lab.org,10.44,53.43
2015-04-19T12:03:10-0400,ndt.iupui.mlab3.lga06.measurement-lab.org,10.43,61.36
2015-04-19T12:03:41-0400,ndt.iupui.mlab3.lga04.measurement-lab.org,10.29,8.51
2015-04-19T12:04:05-0400,ndt.iupui.mlab3.lga01.measurement-lab.org,10.59,24.48
2015-04-19T21:04:33-0400,ndt.iupui.mlab3.lga06.measurement-lab.org,8.8,55.8
2015-04-19T21:04:59-0400,ndt.iupui.mlab3.lga05.measurement-lab.org,9.57,11.64
2015-04-19T21:05:24-0400,ndt.iupui.mlab2.lga02.measurement-lab.org,10.57,59.83
2015-04-19T21:05:50-0400,ndt.iupui.mlab1.lga01.measurement-lab.org,10.48,13.81
2015-04-19T21:06:14-0400,ndt.iupui.mlab1.lga04.measurement-lab.org,10.35,2.59
2015-04-20T03:07:08-0400,ndt.iupui.mlab3.lga04.measurement-lab.org,10.43,22.05
2015-04-20T03:07:32-0400,ndt.iupui.mlab2.lga05.measurement-lab.org,10.19,43.02
2015-04-20T03:07:55-0400,ndt.iupui.mlab2.lga01.measurement-lab.org,10.09,62.29
2015-04-20T03:08:20-0400,ndt.iupui.mlab2.lga02.measurement-lab.org,10.15,67.3
2015-04-20T03:08:44-0400,ndt.iupui.mlab2.lga06.measurement-lab.org,10.39,45.3
2015-04-20T13:09:13-0400,ndt.iupui.mlab2.lga06.measurement-lab.org,10.52,43.71
2015-04-20T13:09:39-0400,ndt.iupui.mlab2.lga04.measurement-lab.org,7.05,8.45
2015-04-20T13:10:06-0400,ndt.iupui.mlab2.lga01.measurement-lab.org,10.4,29.0
2015-04-20T13:10:29-0400,ndt.iupui.mlab1.lga05.measurement-lab.org,10.36,55.08
2015-04-20T13:10:53-0400,ndt.iupui.mlab2.lga02.measurement-lab.org,10.45,85.43
2015-04-20T22:11:18-0400,ndt.iupui.mlab1.lga02.measurement-lab.org,10.59,56.39
2015-04-20T22:11:42-0400,ndt.iupui.mlab1.lga05.measurement-lab.org,10.65,16.77
2015-04-20T22:12:08-0400,ndt.iupui.mlab2.lga06.measurement-lab.org,10.7,58.01
2015-04-20T22:12:32-0400,ndt.iupui.mlab2.lga01.measurement-lab.org,10.52,17.89
2015-04-20T22:12:58-0400,ndt.iupui.mlab3.lga04.measurement-lab.org,10.5,6.2
2015-04-21T07:13:29-0400,ndt.iupui.mlab1.lga01.measurement-lab.org,10.64,34.19
2015-04-21T07:13:53-0400,ndt.iupui.mlab2.lga05.measurement-lab.org,10.73,60.84
2015-04-21T07:14:17-0400,ndt.iupui.mlab3.lga02.measurement-lab.org,10.71,52.11
2015-04-21T07:14:41-0400,ndt.iupui.mlab2.lga04.measurement-lab.org,10.53,31.2
2015-04-21T07:15:07-0400,ndt.iupui.mlab1.lga06.measurement-lab.org,10.74,61.61
2015-04-21T14:15:36-0400,ndt.iupui.mlab1.lga04.measurement-lab.org,10.52,8.45
2015-04-21T14:16:03-0400,ndt.iupui.mlab2.lga01.measurement-lab.org,10.68,17.91
2015-04-21T14:16:29-0400,ndt.iupui.mlab1.lga05.measurement-lab.org,10.73,41.36
2015-04-21T14:16:54-0400,ndt.iupui.mlab3.lga06.measurement-lab.org,10.72,55.81
2015-04-21T14:17:18-0400,ndt.iupui.mlab3.lga02.measurement-lab.org,10.71,42.36
2015-04-21T23:17:45-0400,ndt.iupui.mlab2.lga01.measurement-lab.org,10.65,32.96
2015-04-21T23:18:08-0400,ndt.iupui.mlab2.lga06.measurement-lab.org,9.76,11.7
2015-04-21T23:18:34-0400,ndt.iupui.mlab1.lga04.measurement-lab.org,10.64,4.25
2015-04-21T23:18:57-0400,ndt.iupui.mlab3.lga05.measurement-lab.org,10.72,62.11
2015-04-21T23:19:21-0400,ndt.iupui.mlab3.lga02.measurement-lab.org,10.69,39.8
2015-04-22T09:19:48-0400,ndt.iupui.mlab2.lga02.measurement-lab.org,10.7,91.42
2015-04-22T09:20:12-0400,ndt.iupui.mlab2.lga01.measurement-lab.org,10.61,34.78
2015-04-22T09:20:36-0400,ndt.iupui.mlab1.lga05.measurement-lab.org,10.72,46.12
2015-04-22T09:21:00-0400,ndt.iupui.mlab2.lga04.measurement-lab.org,10.54,24.32
2015-04-22T09:21:24-0400,ndt.iupui.mlab3.lga06.measurement-lab.org,10.73,56.42
2015-04-22T18:21:50-0400,ndt.iupui.mlab2.lga05.measurement-lab.org,10.72,54.97
2015-04-22T18:22:17-0400,ndt.iupui.mlab2.lga04.measurement-lab.org,10.62,5.25
2015-04-22T18:22:42-0400,ndt.iupui.mlab2.lga01.measurement-lab.org,10.58,31.92
2015-04-22T18:23:05-0400,ndt.iupui.mlab3.lga02.measurement-lab.org,10.69,54.91
2015-04-22T18:23:30-0400,ndt.iupui.mlab2.lga06.measurement-lab.org,10.73,57.0
2015-04-23T04:23:59-0400,ndt.iupui.mlab1.lga06.measurement-lab.org,10.7,72.76
2015-04-23T04:24:25-0400,ndt.iupui.mlab3.lga02.measurement-lab.org,10.68,37.15
2015-04-23T04:24:50-0400,ndt.iupui.mlab3.lga01.measurement-lab.org,10.62,61.16
2015-04-23T04:25:14-0400,ndt.iupui.mlab2.lga05.measurement-lab.org,10.35,56.19
2015-04-23T04:25:38-0400,ndt.iupui.mlab1.lga04.measurement-lab.org,10.54,25.5
2015-04-23T11:26:06-0400,ndt.iupui.mlab2.lga04.measurement-lab.org,10.46,64.83
2015-04-23T11:26:30-0400,ndt.iupui.mlab2.lga01.measurement-lab.org,10.53,36.94
2015-04-23T11:26:54-0400,ndt.iupui.mlab3.lga06.measurement-lab.org,10.58,69.35
2015-04-23T11:27:20-0400,ndt.iupui.mlab2.lga02.measurement-lab.org,10.55,87.24
2015-04-23T11:27:45-0400,ndt.iupui.mlab2.lga05.measurement-lab.org,10.51,56.23
2015-04-23T21:28:12-0400,ndt.iupui.mlab3.lga02.measurement-lab.org,10.65,53.36
2015-04-23T21:28:36-0400,ndt.iupui.mlab1.lga01.measurement-lab.org,10.57,17.95
2015-04-23T21:29:00-0400,ndt.iupui.mlab2.lga05.measurement-lab.org,10.67,64.41
2015-04-23T21:29:23-0400,ndt.iupui.mlab3.lga06.measurement-lab.org,10.67,48.46
2015-04-23T21:29:48-0400,ndt.iupui.mlab2.lga04.measurement-lab.org,9.79,2.32
2015-04-24T04:30:16-0400,ndt.iupui.mlab2.lga05.measurement-lab.org,8.6,51.52
2015-04-24T04:30:40-0400,ndt.iupui.mlab1.lga02.measurement-lab.org,9.03,61.08
2015-04-24T04:31:04-0400,ndt.iupui.mlab3.lga01.measurement-lab.org,9.53,22.98
2015-04-24T04:31:29-0400,ndt.iupui.mlab1.lga04.measurement-lab.org,8.67,13.99
2015-04-24T04:31:52-0400,ndt.iupui.mlab1.lga06.measurement-lab.org,8.98,58.06
2015-04-24T10:32:21-0400,ndt.iupui.mlab1.lga04.measurement-lab.org,9.43,15.94
2015-04-24T10:32:45-0400,ndt.iupui.mlab3.lga02.measurement-lab.org,10.63,44.59
2015-04-24T10:33:09-0400,ndt.iupui.mlab2.lga01.measurement-lab.org,10.57,56.8
2015-04-24T10:33:33-0400,ndt.iupui.mlab2.lga06.measurement-lab.org,10.68,52.36
2015-04-24T10:33:56-0400,ndt.iupui.mlab2.lga05.measurement-lab.org,10.69,57.3
2015-04-24T19:34:26-0400,ndt.iupui.mlab3.lga01.measurement-lab.org,9.35,24.64
2015-04-24T19:34:49-0400,ndt.iupui.mlab2.lga05.measurement-lab.org,9.54,68.54
2015-04-24T19:35:13-0400,ndt.iupui.mlab1.lga02.measurement-lab.org,9.15,44.16
2015-04-24T19:35:36-0400,ndt.iupui.mlab1.lga06.measurement-lab.org,9.99,65.7
2015-04-24T19:36:01-0400,ndt.iupui.mlab2.lga04.measurement-lab.org,9.43,4.01
2015-04-25T01:36:30-0400,ndt.iupui.mlab2.lga05.measurement-lab.org,10.26,37.89
2015-04-25T01:36:57-0400,ndt.iupui.mlab1.lga01.measurement-lab.org,8.63,52.71
2015-04-25T01:37:21-0400,ndt.iupui.mlab1.lga06.measurement-lab.org,6.88,61.03
2015-04-25T01:37:46-0400,ndt.iupui.mlab3.lga04.measurement-lab.org,9.02,9.49
2015-04-25T01:38:11-0400,ndt.iupui.mlab2.lga02.measurement-lab.org,6.79,19.0
2015-04-25T07:38:38-0400,ndt.iupui.mlab1.lga01.measurement-lab.org,10.62,20.31
2015-04-25T07:39:02-0400,ndt.iupui.mlab3.lga04.measurement-lab.org,10.59,45.26
2015-04-25T07:39:25-0400,ndt.iupui.mlab1.lga05.measurement-lab.org,10.7,63.28
2015-04-25T07:39:52-0400,ndt.iupui.mlab2.lga02.measurement-lab.org,10.68,50.3
2015-04-25T07:40:15-0400,ndt.iupui.mlab2.lga06.measurement-lab.org,9.27,70.16
2015-04-25T14:40:48-0400,ndt.iupui.mlab3.lga04.measurement-lab.org,7.03,11.66
2015-04-25T14:41:12-0400,ndt.iupui.mlab1.lga05.measurement-lab.org,10.58,62.08
2015-04-25T14:41:36-0400,ndt.iupui.mlab1.lga01.measurement-lab.org,10.61,28.56
2015-04-25T14:42:01-0400,ndt.iupui.mlab2.lga06.measurement-lab.org,10.29,59.96
2015-04-25T14:42:27-0400,ndt.iupui.mlab2.lga02.measurement-lab.org,10.6,17.61
2015-04-26T00:42:55-0400,ndt.iupui.mlab2.lga02.measurement-lab.org,9.91,91.6
2015-04-26T00:43:19-0400,ndt.iupui.mlab3.lga01.measurement-lab.org,9.93,59.81
2015-04-26T00:43:43-0400,ndt.iupui.mlab1.lga04.measurement-lab.org,9.46,41.4
2015-04-26T00:44:07-0400,ndt.iupui.mlab2.lga05.measurement-lab.org,10.12,62.71
2015-04-26T00:44:32-0400,ndt.iupui.mlab1.lga06.measurement-lab.org,9.49,50.15
2015-04-26T09:45:00-0400,ndt.iupui.mlab3.lga01.measurement-lab.org,10.6,29.15
2015-04-26T09:45:25-0400,ndt.iupui.mlab3.lga02.measurement-lab.org,10.64,41.51
2015-04-26T09:45:48-0400,ndt.iupui.mlab2.lga06.measurement-lab.org,10.67,64.56
2015-04-26T09:46:15-0400,ndt.iupui.mlab3.lga04.measurement-lab.org,10.56,17.22
2015-04-26T09:46:41-0400,ndt.iupui.mlab3.lga05.measurement-lab.org,10.67,47.91
2015-04-26T19:47:13-0400,ndt.iupui.mlab1.lga02.measurement-lab.org,10.68,41.9
2015-04-26T19:47:39-0400,ndt.iupui.mlab3.lga06.measurement-lab.org,10.69,54.77
2015-04-26T19:48:03-0400,ndt.iupui.mlab2.lga05.measurement-lab.org,10.73,39.06
2015-04-26T19:48:27-0400,ndt.iupui.mlab2.lga01.measurement-lab.org,10.48,23.72
2015-04-26T19:48:52-0400,ndt.iupui.mlab3.lga04.measurement-lab.org,7.16,2.31
2015-04-27T03:49:19-0400,ndt.iupui.mlab3.lga02.measurement-lab.org,10.67,31.5
2015-04-27T03:49:43-0400,ndt.iupui.mlab1.lga06.measurement-lab.org,10.7,64.92
2015-04-27T03:50:06-0400,ndt.iupui.mlab3.lga04.measurement-lab.org,9.22,35.53
2015-04-27T03:50:32-0400,ndt.iupui.mlab1.lga05.measurement-lab.org,10.68,62.57
2015-04-27T03:50:59-0400,ndt.iupui.mlab1.lga01.measurement-lab.org,10.61,35.57
2015-04-27T19:07:08-0400,ndt.iupui.mlab2.lga05.measurement-lab.org,10.68,59.0
2015-04-27T19:07:32-0400,ndt.iupui.mlab2.lga04.measurement-lab.org,7.5,5.32
2015-04-27T19:07:55-0400,ndt.iupui.mlab2.lga02.measurement-lab.org,10.66,91.81
2015-04-27T19:08:20-0400,ndt.iupui.mlab1.lga01.measurement-lab.org,10.57,33.91
2015-04-27T19:08:44-0400,ndt.iupui.mlab1.lga06.measurement-lab.org,10.67,62.98
2015-04-28T09:59:33-0400,ndt.iupui.mlab1.lga06.measurement-lab.org,10.62,58.17
2015-04-28T09:59:57-0400,ndt.iupui.mlab2.lga02.measurement-lab.org,10.66,92.04
2015-04-28T10:00:24-0400,ndt.iupui.mlab2.lga04.measurement-lab.org,4.92,14.69
2015-04-28T10:00:51-0400,ndt.iupui.mlab1.lga01.measurement-lab.org,10.6,37.43
2015-04-28T10:01:14-0400,ndt.iupui.mlab2.lga05.measurement-lab.org,10.66,62.11
2015-04-28T19:11:23-0400,ndt.iupui.mlab1.lga05.measurement-lab.org,10.33,49.5
2015-04-28T19:11:47-0400,ndt.iupui.mlab3.lga02.measurement-lab.org,10.48,47.65
2015-04-28T19:12:11-0400,ndt.iupui.mlab1.lga04.measurement-lab.org,7.71,15.02
2015-04-28T19:12:34-0400,ndt.iupui.mlab2.lga06.measurement-lab.org,10.42,62.26
2015-04-28T19:12:58-0400,ndt.iupui.mlab3.lga01.measurement-lab.org,10.38,66.31
2015-04-29T08:08:37-0400,ndt.iupui.mlab3.lga06.measurement-lab.org,10.65,61.44
2015-04-29T08:09:03-0400,ndt.iupui.mlab2.lga01.measurement-lab.org,10.52,33.7
2015-04-29T08:09:32-0400,ndt.iupui.mlab2.lga02.measurement-lab.org,10.53,21.82
2015-04-29T08:09:57-0400,ndt.iupui.mlab3.lga05.measurement-lab.org,10.34,54.44
2015-04-29T08:10:23-0400,ndt.iupui.mlab1.lga04.measurement-lab.org,10.4,28.0
2015-04-29T14:10:49-0400,ndt.iupui.mlab2.lga02.measurement-lab.org,10.69,29.16
2015-04-29T14:11:13-0400,ndt.iupui.mlab2.lga06.measurement-lab.org,10.7,52.44
2015-04-29T14:11:37-0400,ndt.iupui.mlab1.lga01.measurement-lab.org,10.62,38.62
2015-04-29T14:12:01-0400,ndt.iupui.mlab3.lga05.measurement-lab.org,10.7,59.52
2015-04-29T14:12:25-0400,ndt.iupui.mlab3.lga04.measurement-lab.org,10.5,13.41
2015-04-30T08:31:10-0400,ndt.iupui.mlab3.lga01.measurement-lab.org,10.16,29.62
2015-04-30T08:31:35-0400,ndt.iupui.mlab2.lga02.measurement-lab.org,10.54,76.87
2015-04-30T08:32:00-0400,ndt.iupui.mlab3.lga04.measurement-lab.org,10.46,16.47
2015-04-30T08:32:24-0400,ndt.iupui.mlab2.lga06.measurement-lab.org,10.5,58.63
2015-04-30T08:32:47-0400,ndt.iupui.mlab3.lga05.measurement-lab.org,10.62,66.09
2015-04-30T21:47:32-0400,ndt.iupui.mlab2.lga01.measurement-lab.org,10.54,27.2
2015-04-30T21:47:55-0400,ndt.iupui.mlab2.lga05.measurement-lab.org,10.63,52.5
2015-04-30T21:48:19-0400,ndt.iupui.mlab3.lga06.measurement-lab.org,10.72,56.06
2015-04-30T21:48:44-0400,ndt.iupui.mlab3.lga04.measurement-lab.org,10.54,5.43
2015-04-30T21:49:08-0400,ndt.iupui.mlab2.lga02.measurement-lab.org,10.7,92.46
2015-04-30T23:32:31-0400,ndt.iupui.mlab2.lga06.measurement-lab.org,10.73,57.16
2015-04-30T23:32:55-0400,ndt.iupui.mlab3.lga01.measurement-lab.org,10.62,61.05
2015-04-30T23:33:22-0400,ndt.iupui.mlab2.lga04.measurement-lab.org,10.57,15.6
2015-04-30T23:33:46-0400,ndt.iupui.mlab2.lga02.measurement-lab.org,10.69,92.59
2015-04-30T23:34:10-0400,ndt.iupui.mlab3.lga05.measurement-lab.org,10.72,65.24
2015-05-01T06:37:34-0400,ndt.iupui.mlab1.lga01.measurement-lab.org,10.65,33.14
2015-05-01T06:37:58-0400,ndt.iupui.mlab3.lga06.measurement-lab.org,10.52,70.95
2015-05-01T06:38:22-0400,ndt.iupui.mlab2.lga04.measurement-lab.org,8.65,14.02
2015-05-01T06:38:46-0400,ndt.iupui.mlab3.lga02.measurement-lab.org,10.69,42.87
2015-05-01T06:39:09-0400,ndt.iupui.mlab2.lga05.measurement-lab.org,10.73,57.81
2015-05-01T16:39:36-0400,ndt.iupui.mlab2.lga05.measurement-lab.org,10.73,67.48
2015-05-01T16:39:59-0400,ndt.iupui.mlab1.lga06.measurement-lab.org,10.73,56.04
2015-05-01T16:40:23-0400,ndt.iupui.mlab1.lga02.measurement-lab.org,10.71,50.09
2015-05-01T16:40:50-0400,ndt.iupui.mlab1.lga01.measurement-lab.org,10.67,31.27
2015-05-01T16:41:14-0400,ndt.iupui.mlab2.lga04.measurement-lab.org,10.47,20.93
2015-05-02T00:45:55-0400,ndt.iupui.mlab2.lga02.measurement-lab.org,10.71,28.49
2015-05-02T00:46:21-0400,ndt.iupui.mlab1.lga05.measurement-lab.org,10.73,56.05
2015-05-02T00:46:45-0400,ndt.iupui.mlab3.lga01.measurement-lab.org,10.65,80.04
2015-05-02T00:47:11-0400,ndt.iupui.mlab2.lga06.measurement-lab.org,10.74,57.12
2015-05-02T00:47:35-0400,ndt.iupui.mlab3.lga03.measurement-lab.org,10.73,52.29
2015-05-02T15:23:23-0400,ndt.iupui.mlab2.lga05.measurement-lab.org,10.76,44.38
2015-05-02T15:23:49-0400,ndt.iupui.mlab3.lga02.measurement-lab.org,10.71,38.7
2015-05-02T15:24:13-0400,ndt.iupui.mlab2.lga04.measurement-lab.org,10.53,24.08
2015-05-02T15:24:37-0400,ndt.iupui.mlab1.lga01.measurement-lab.org,10.61,27.53
2015-05-02T15:25:01-0400,ndt.iupui.mlab2.lga06.measurement-lab.org,10.71,43.87
2015-05-02T15:26:30-0400,ndt.iupui.mlab2.lga04.measurement-lab.org,10.49,8.77
2015-05-02T15:26:54-0400,ndt.iupui.mlab2.lga06.measurement-lab.org,10.71,48.64
2015-05-02T15:27:18-0400,ndt.iupui.mlab2.lga02.measurement-lab.org,10.65,36.33
2015-05-02T15:27:42-0400,ndt.iupui.mlab1.lga01.measurement-lab.org,10.65,73.02
2015-05-02T15:28:06-0400,ndt.iupui.mlab3.lga05.measurement-lab.org,10.72,45.17
2015-05-02T15:32:31-0400,ndt.iupui.mlab2.lga01.measurement-lab.org,10.65,14.04
2015-05-02T15:32:56-0400,ndt.iupui.mlab1.lga06.measurement-lab.org,10.72,47.53
2015-05-02T15:33:20-0400,ndt.iupui.mlab3.lga02.measurement-lab.org,10.69,33.84
2015-05-02T15:33:45-0400,ndt.iupui.mlab3.lga05.measurement-lab.org,10.73,45.87
2015-05-02T15:34:09-0400,ndt.iupui.mlab1.lga04.measurement-lab.org,10.53,21.62
2015-05-02T15:34:35-0400,ndt.iupui.mlab1.lga03.measurement-lab.org,10.72,37.28
2015-05-03T00:35:09-0400,ndt.iupui.mlab1.lga01.measurement-lab.org,10.62,23.06
2015-05-03T00:35:33-0400,ndt.iupui.mlab1.lga02.measurement-lab.org,10.71,34.68
2015-05-03T00:35:56-0400,ndt.iupui.mlab1.lga03.measurement-lab.org,10.73,45.63
2015-05-03T00:36:19-0400,ndt.iupui.mlab3.lga06.measurement-lab.org,10.72,54.01
2015-05-03T00:36:43-0400,ndt.iupui.mlab1.lga04.measurement-lab.org,10.64,24.77
2015-05-03T00:37:09-0400,ndt.iupui.mlab2.lga05.measurement-lab.org,10.73,45.42
2015-05-03T06:37:39-0400,ndt.iupui.mlab2.lga06.measurement-lab.org,10.73,46.91
2015-05-03T06:38:03-0400,ndt.iupui.mlab3.lga02.measurement-lab.org,10.71,30.12
2015-05-03T06:38:29-0400,ndt.iupui.mlab2.lga01.measurement-lab.org,10.62,14.06
2015-05-03T06:38:54-0400,ndt.iupui.mlab3.lga04.measurement-lab.org,10.63,27.16
2015-05-03T06:39:17-0400,ndt.iupui.mlab1.lga03.measurement-lab.org,10.73,47.96
2015-05-03T06:39:41-0400,ndt.iupui.mlab2.lga05.measurement-lab.org,10.73,46.59
2015-05-03T22:38:53-0400,ndt.iupui.mlab3.lga04.measurement-lab.org,8.62,9.87
2015-05-03T22:39:17-0400,ndt.iupui.mlab1.lga06.measurement-lab.org,10.3,69.52
2015-05-03T22:39:42-0400,ndt.iupui.mlab1.lga01.measurement-lab.org,8.53,24.32
2015-05-03T22:40:08-0400,ndt.iupui.mlab2.lga05.measurement-lab.org,9.83,8.36
2015-05-03T22:40:32-0400,ndt.iupui.mlab2.lga02.measurement-lab.org,10.47,87.12
2015-05-03T22:40:56-0400,ndt.iupui.mlab1.lga03.measurement-lab.org,9.75,58.33
2015-05-03T22:43:00-0400,ndt.iupui.mlab3.lga06.measurement-lab.org,9.42,69.46
2015-05-03T22:43:24-0400,ndt.iupui.mlab1.lga03.measurement-lab.org,10.39,55.58
2015-05-03T22:43:48-0400,ndt.iupui.mlab2.lga04.measurement-lab.org,8.87,6.47
2015-05-03T22:44:14-0400,ndt.iupui.mlab1.lga05.measurement-lab.org,10.46,13.11
2015-05-03T22:44:41-0400,ndt.iupui.mlab1.lga01.measurement-lab.org,10.25,18.48
2015-05-03T22:45:04-0400,ndt.iupui.mlab3.lga02.measurement-lab.org,9.47,28.2
2015-05-04T08:45:31-0400,ndt.iupui.mlab1.lga02.measurement-lab.org,9.26,35.64
2015-05-04T08:45:55-0400,ndt.iupui.mlab3.lga03.measurement-lab.org,10.3,53.16
2015-05-04T08:46:20-0400,ndt.iupui.mlab1.lga01.measurement-lab.org,9.79,22.18
2015-05-04T08:46:43-0400,ndt.iupui.mlab3.lga05.measurement-lab.org,9.6,59.78
2015-05-04T08:47:09-0400,ndt.iupui.mlab2.lga04.measurement-lab.org,10.11,49.81
2015-05-04T08:47:35-0400,ndt.iupui.mlab2.lga06.measurement-lab.org,10.69,56.29
2015-05-04T09:29:14-0400,ndt.iupui.mlab1.lga04.measurement-lab.org,2.53,15.24
2015-05-04T09:29:37-0400,ndt.iupui.mlab1.lga02.measurement-lab.org,10.68,42.93
2015-05-04T09:30:02-0400,ndt.iupui.mlab3.lga06.measurement-lab.org,10.7,71.07
2015-05-04T09:30:29-0400,ndt.iupui.mlab3.lga05.measurement-lab.org,6.01,51.63
2015-05-04T09:30:53-0400,ndt.iupui.mlab1.lga01.measurement-lab.org,10.61,32.82
2015-05-04T09:31:17-0400,ndt.iupui.mlab1.lga03.measurement-lab.org,10.71,58.23
2015-05-04T18:31:43-0400,ndt.iupui.mlab3.lga05.measurement-lab.org,10.69,40.46
2015-05-04T18:32:07-0400,ndt.iupui.mlab2.lga04.measurement-lab.org,10.44,17.8
2015-05-04T18:32:31-0400,ndt.iupui.mlab2.lga06.measurement-lab.org,10.67,72.06
2015-05-04T18:32:55-0400,ndt.iupui.mlab1.lga03.measurement-lab.org,10.69,55.22
2015-05-04T18:33:19-0400,ndt.iupui.mlab3.lga01.measurement-lab.org,10.71,30.19
2015-05-04T18:33:43-0400,ndt.iupui.mlab2.lga02.measurement-lab.org,10.68,92.4
2015-05-05T04:34:10-0400,ndt.iupui.mlab3.lga01.measurement-lab.org,10.66,35.56
2015-05-05T04:34:34-0400,ndt.iupui.mlab3.lga03.measurement-lab.org,10.7,57.22
2015-05-05T04:34:57-0400,ndt.iupui.mlab2.lga05.measurement-lab.org,10.69,61.2
2015-05-05T04:35:21-0400,ndt.iupui.mlab2.lga02.measurement-lab.org,10.65,92.73
2015-05-05T04:35:44-0400,ndt.iupui.mlab2.lga06.measurement-lab.org,10.71,59.66
2015-05-05T04:36:08-0400,ndt.iupui.mlab3.lga04.measurement-lab.org,10.6,31.49
2015-05-05T14:36:37-0400,ndt.iupui.mlab2.lga04.measurement-lab.org,10.48,33.06
2015-05-05T14:37:01-0400,ndt.iupui.mlab1.lga05.measurement-lab.org,10.67,57.18
2015-05-05T14:37:25-0400,ndt.iupui.mlab2.lga01.measurement-lab.org,10.57,35.94
2015-05-05T14:37:49-0400,ndt.iupui.mlab1.lga03.measurement-lab.org,10.71,73.32
2015-05-05T14:38:12-0400,ndt.iupui.mlab1.lga02.measurement-lab.org,10.65,41.53
2015-05-05T14:38:36-0400,ndt.iupui.mlab1.lga06.measurement-lab.org,10.7,57.68
2015-05-05T20:39:06-0400,ndt.iupui.mlab3.lga04.measurement-lab.org,10.11,4.72
2015-05-05T20:39:30-0400,ndt.iupui.mlab3.lga05.measurement-lab.org,10.37,51.26
2015-05-05T20:39:54-0400,ndt.iupui.mlab1.lga01.measurement-lab.org,9.47,21.85
2015-05-05T20:40:18-0400,ndt.iupui.mlab1.lga06.measurement-lab.org,10.55,57.52
2015-05-05T20:40:43-0400,ndt.iupui.mlab3.lga03.measurement-lab.org,9.65,7.97
2015-05-05T20:41:07-0400,ndt.iupui.mlab1.lga02.measurement-lab.org,10.08,58.32
2015-05-06T05:41:38-0400,ndt.iupui.mlab3.lga01.measurement-lab.org,10.52,26.6
2015-05-06T05:42:02-0400,ndt.iupui.mlab2.lga05.measurement-lab.org,10.57,73.16
2015-05-06T05:42:25-0400,ndt.iupui.mlab3.lga06.measurement-lab.org,10.59,73.19
2015-05-06T05:42:49-0400,ndt.iupui.mlab1.lga02.measurement-lab.org,10.58,34.28
2015-05-06T05:43:12-0400,ndt.iupui.mlab1.lga03.measurement-lab.org,10.58,60.25
2015-05-06T05:43:36-0400,ndt.iupui.mlab2.lga04.measurement-lab.org,10.43,57.75
2015-05-06T15:44:04-0400,ndt.iupui.mlab1.lga03.measurement-lab.org,10.69,55.34
2015-05-06T15:44:29-0400,ndt.iupui.mlab1.lga02.measurement-lab.org,10.66,51.6
2015-05-06T15:44:52-0400,ndt.iupui.mlab1.lga06.measurement-lab.org,10.62,62.49
2015-05-06T15:45:17-0400,ndt.iupui.mlab1.lga01.measurement-lab.org,10.6,40.1
2015-05-06T15:45:40-0400,ndt.iupui.mlab1.lga05.measurement-lab.org,10.68,62.13
2015-05-06T15:46:06-0400,ndt.iupui.mlab2.lga04.measurement-lab.org,10.48,19.13
2015-05-07T00:46:32-0400,ndt.iupui.mlab1.lga03.measurement-lab.org,9.89,52.14
2015-05-07T00:46:58-0400,ndt.iupui.mlab2.lga06.measurement-lab.org,9.17,70.54
2015-05-07T00:47:22-0400,ndt.iupui.mlab3.lga04.measurement-lab.org,10.53,23.53
2015-05-07T00:47:45-0400,ndt.iupui.mlab2.lga05.measurement-lab.org,8.41,62.86
2015-05-07T00:48:10-0400,ndt.iupui.mlab3.lga01.measurement-lab.org,10.6,23.06
2015-05-07T00:48:33-0400,ndt.iupui.mlab3.lga02.measurement-lab.org,8.59,38.73
2015-05-07T06:49:01-0400,ndt.iupui.mlab2.lga04.measurement-lab.org,10.59,22.67
2015-05-07T06:49:25-0400,ndt.iupui.mlab2.lga01.measurement-lab.org,10.63,61.42
2015-05-07T06:49:49-0400,ndt.iupui.mlab1.lga06.measurement-lab.org,10.68,60.67
2015-05-07T06:50:13-0400,ndt.iupui.mlab1.lga02.measurement-lab.org,10.67,50.92
2015-05-07T06:50:37-0400,ndt.iupui.mlab1.lga03.measurement-lab.org,10.67,62.07
2015-05-07T06:51:00-0400,ndt.iupui.mlab1.lga05.measurement-lab.org,10.67,65.1
2015-05-07T13:51:32-0400,ndt.iupui.mlab3.lga04.measurement-lab.org,10.59,32.06
2015-05-07T13:51:58-0400,ndt.iupui.mlab3.lga01.measurement-lab.org,10.61,19.78
2015-05-07T13:52:22-0400,ndt.iupui.mlab2.lga05.measurement-lab.org,10.66,61.99
2015-05-07T13:52:46-0400,ndt.iupui.mlab3.lga03.measurement-lab.org,10.66,64.77
2015-05-07T13:53:10-0400,ndt.iupui.mlab1.lga02.measurement-lab.org,10.67,19.7
2015-05-07T13:53:34-0400,ndt.iupui.mlab1.lga06.measurement-lab.org,10.67,49.3
2015-05-07T19:54:01-0400,ndt.iupui.mlab1.lga03.measurement-lab.org,10.71,55.78
2015-05-07T19:54:24-0400,ndt.iupui.mlab1.lga06.measurement-lab.org,10.67,64.24
2015-05-07T19:54:49-0400,ndt.iupui.mlab3.lga01.measurement-lab.org,10.53,19.83
2015-05-07T19:55:14-0400,ndt.iupui.mlab3.lga04.measurement-lab.org,10.56,7.85
2015-05-07T19:55:38-0400,ndt.iupui.mlab2.lga02.measurement-lab.org,10.64,91.43
2015-05-07T19:56:02-0400,ndt.iupui.mlab3.lga05.measurement-lab.org,10.65,56.2
2015-05-08T03:56:32-0400,ndt.iupui.mlab3.lga04.measurement-lab.org,10.62,14.7
2015-05-08T03:56:58-0400,ndt.iupui.mlab3.lga05.measurement-lab.org,10.7,57.7
2015-05-08T03:57:22-0400,ndt.iupui.mlab1.lga06.measurement-lab.org,10.71,61.17
2015-05-08T03:57:46-0400,ndt.iupui.mlab3.lga03.measurement-lab.org,10.69,54.03
2015-05-08T03:58:10-0400,ndt.iupui.mlab1.lga01.measurement-lab.org,10.54,67.13
2015-05-08T03:58:33-0400,ndt.iupui.mlab3.lga02.measurement-lab.org,10.66,47.73
2015-05-08T13:59:02-0400,ndt.iupui.mlab3.lga04.measurement-lab.org,10.45,9.41
2015-05-08T13:59:26-0400,ndt.iupui.mlab1.lga02.measurement-lab.org,10.6,68.68
2015-05-08T13:59:49-0400,ndt.iupui.mlab1.lga06.measurement-lab.org,10.66,64.04
2015-05-08T14:00:14-0400,ndt.iupui.mlab2.lga01.measurement-lab.org,10.5,16.34
2015-05-08T14:00:39-0400,ndt.iupui.mlab2.lga05.measurement-lab.org,10.6,57.05
2015-05-08T14:01:03-0400,ndt.iupui.mlab3.lga03.measurement-lab.org,10.62,53.74
2015-05-08T23:01:30-0400,ndt.iupui.mlab1.lga03.measurement-lab.org,10.7,60.16
2015-05-08T23:01:53-0400,ndt.iupui.mlab3.lga06.measurement-lab.org,10.7,44.9
2015-05-08T23:02:17-0400,ndt.iupui.mlab2.lga02.measurement-lab.org,10.68,87.87
2015-05-08T23:02:41-0400,ndt.iupui.mlab1.lga04.measurement-lab.org,10.58,3.04
2015-05-08T23:03:05-0400,ndt.iupui.mlab1.lga01.measurement-lab.org,10.59,29.87
2015-05-08T23:03:28-0400,ndt.iupui.mlab2.lga05.measurement-lab.org,10.68,58.85
2015-05-09T09:03:57-0400,ndt.iupui.mlab1.lga05.measurement-lab.org,10.63,56.68
2015-05-09T09:04:21-0400,ndt.iupui.mlab1.lga03.measurement-lab.org,10.63,51.59
2015-05-09T09:04:44-0400,ndt.iupui.mlab3.lga06.measurement-lab.org,10.7,54.15
2015-05-09T09:05:09-0400,ndt.iupui.mlab3.lga01.measurement-lab.org,10.58,34.49
2015-05-09T09:05:32-0400,ndt.iupui.mlab1.lga02.measurement-lab.org,10.6,24.37
2015-05-09T09:05:56-0400,ndt.iupui.mlab1.lga04.measurement-lab.org,10.53,17.75
2015-05-09T19:06:26-0400,ndt.iupui.mlab3.lga02.measurement-lab.org,10.66,51.09
2015-05-09T19:06:53-0400,ndt.iupui.mlab2.lga01.measurement-lab.org,10.55,20.56
2015-05-09T19:07:16-0400,ndt.iupui.mlab3.lga05.measurement-lab.org,10.67,68.58
2015-05-09T19:07:40-0400,ndt.iupui.mlab1.lga03.measurement-lab.org,10.7,75.83
2015-05-09T19:08:04-0400,ndt.iupui.mlab2.lga04.measurement-lab.org,10.52,9.29
2015-05-09T19:08:29-0400,ndt.iupui.mlab2.lga06.measurement-lab.org,10.69,53.69
2015-05-10T02:08:58-0400,ndt.iupui.mlab1.lga01.measurement-lab.org,10.62,30.98
2015-05-10T02:09:21-0400,ndt.iupui.mlab3.lga06.measurement-lab.org,10.7,43.28
2015-05-10T02:09:45-0400,ndt.iupui.mlab3.lga04.measurement-lab.org,10.53,15.61
2015-05-10T02:10:09-0400,ndt.iupui.mlab3.lga02.measurement-lab.org,10.71,42.45
2015-05-10T02:10:32-0400,ndt.iupui.mlab2.lga05.measurement-lab.org,10.7,66.51
2015-05-10T02:10:56-0400,ndt.iupui.mlab3.lga03.measurement-lab.org,10.71,61.43
2015-05-10T11:11:24-0400,ndt.iupui.mlab2.lga02.measurement-lab.org,10.67,44.78
2015-05-10T11:11:48-0400,ndt.iupui.mlab2.lga04.measurement-lab.org,10.49,12.67
2015-05-10T11:12:12-0400,ndt.iupui.mlab2.lga05.measurement-lab.org,10.66,51.38
2015-05-10T11:12:37-0400,ndt.iupui.mlab3.lga01.measurement-lab.org,10.63,16.85
2015-05-10T11:13:00-0400,ndt.iupui.mlab3.lga06.measurement-lab.org,10.71,42.24
2015-05-10T11:13:25-0400,ndt.iupui.mlab3.lga03.measurement-lab.org,10.68,67.37
2015-05-10T17:13:55-0400,ndt.iupui.mlab2.lga02.measurement-lab.org,10.61,55.96
2015-05-10T17:14:21-0400,ndt.iupui.mlab2.lga01.measurement-lab.org,10.47,19.8
2015-05-10T17:14:45-0400,ndt.iupui.mlab3.lga04.measurement-lab.org,10.27,7.87
2015-05-10T17:15:09-0400,ndt.iupui.mlab3.lga05.measurement-lab.org,10.54,56.94
2015-05-10T17:15:32-0400,ndt.iupui.mlab1.lga06.measurement-lab.org,10.46,52.35
2015-05-10T17:15:56-0400,ndt.iupui.mlab3.lga03.measurement-lab.org,10.72,58.94
2015-05-10T23:16:24-0400,ndt.iupui.mlab1.lga01.measurement-lab.org,10.61,16.09
2015-05-10T23:16:49-0400,ndt.iupui.mlab2.lga02.measurement-lab.org,10.69,92.29
2015-05-10T23:17:13-0400,ndt.iupui.mlab1.lga04.measurement-lab.org,10.59,5.15
2015-05-10T23:17:37-0400,ndt.iupui.mlab1.lga05.measurement-lab.org,10.64,23.36
2015-05-10T23:18:00-0400,ndt.iupui.mlab2.lga06.measurement-lab.org,10.71,57.08
2015-05-10T23:18:24-0400,ndt.iupui.mlab3.lga03.measurement-lab.org,10.68,56.83
2015-05-11T07:18:53-0400,ndt.iupui.mlab3.lga04.measurement-lab.org,10.52,24.02
2015-05-11T07:19:16-0400,ndt.iupui.mlab1.lga05.measurement-lab.org,10.7,60.45
2015-05-11T07:19:43-0400,ndt.iupui.mlab1.lga03.measurement-lab.org,10.69,48.96
2015-05-11T07:20:07-0400,ndt.iupui.mlab3.lga02.measurement-lab.org,10.67,18.2
2015-05-11T07:20:31-0400,ndt.iupui.mlab1.lga06.measurement-lab.org,10.67,44.92
2015-05-11T07:20:55-0400,ndt.iupui.mlab1.lga01.measurement-lab.org,10.61,35.36
2015-05-11T15:21:23-0400,ndt.iupui.mlab2.lga04.measurement-lab.org,10.29,15.58
2015-05-11T15:21:47-0400,ndt.iupui.mlab2.lga01.measurement-lab.org,10.4,51.93
2015-05-11T15:22:10-0400,ndt.iupui.mlab3.lga05.measurement-lab.org,10.49,49.12
2015-05-11T15:22:34-0400,ndt.iupui.mlab3.lga02.measurement-lab.org,10.54,47.92
2015-05-11T15:22:58-0400,ndt.iupui.mlab1.lga03.measurement-lab.org,10.54,58.76
2015-05-11T15:23:24-0400,ndt.iupui.mlab2.lga06.measurement-lab.org,10.68,60.9
